"year","path"
1994,"FORMSADMIN/FORM1/working"
1995,"FORMSADMIN/FORM1/working"
1996,"FORMSADMIN/FORM1/working"
1997,"FORMSADMIN/FORM1/working"
1998,"FORMSADMIN/FORM1/working"
1999,"FORMSADMIN/FORM1/working"
2000,"FORMSADMIN/FORM1/working"
2001,"UPLOADERS/FORM1/working"
2002,"FORMSADMIN/FORM1/working"
2003,"UPLOADERS/FORM1/working"
2004,"UPLOADERS/FORM1/working"
2005,"UPLOADERS/FORM1/working"
2006,"UPLOADERS/FORM1/working"
2007,"UPLOADERS/FORM1/working"
2008,"UPLOADERS/FORM1/working"
2009,"UPLOADERS/FORM1/working"
2010,"UPLOADERS/FORM1/working"
2011,"UPLOADERS/FORM1/working"
2012,"UPLOADERS/FORM1/working"
2013,"UPLOADERS/FORM1/working"
2014,"UPLOADERS/FORM1/working"
2015,"UPLOADERS/FORM1/working"
2016,"UPLOADERS/FORM1/working"
2017,"UPLOADERS/FORM1/working"
2018,"UPLOADERS/FORM1/working"
